-- phpMyAdmin SQL Dump
-- version 5.2.1
-- https://www.phpmyadmin.net/
--
-- Host: 127.0.0.1
-- Generation Time: Dec 21, 2025 at 02:55 PM
-- Server version: 10.4.32-MariaDB
-- PHP Version: 8.2.12

SET SQL_MODE = "NO_AUTO_VALUE_ON_ZERO";
START TRANSACTION;
SET time_zone = "+00:00";


/*!40101 SET @OLD_CHARACTER_SET_CLIENT=@@CHARACTER_SET_CLIENT */;
/*!40101 SET @OLD_CHARACTER_SET_RESULTS=@@CHARACTER_SET_RESULTS */;
/*!40101 SET @OLD_COLLATION_CONNECTION=@@COLLATION_CONNECTION */;
/*!40101 SET NAMES utf8mb4 */;

--
-- Database: `school_management`
--

-- --------------------------------------------------------

--
-- Table structure for table `classes`
--

CREATE TABLE `classes` (
  `id` int(11) NOT NULL,
  `class_name` varchar(20) NOT NULL
) ENGINE=InnoDB DEFAULT CHARSET=utf8mb4 COLLATE=utf8mb4_general_ci;

--
-- Dumping data for table `classes`
--

INSERT INTO `classes` (`id`, `class_name`) VALUES
(1, 'class a'),
(2, 'class b'),
(3, 'class b'),
(4, 'class b'),
(5, 'Grade 1'),
(6, 'Grade 2'),
(7, 'Grade 3'),
(8, 'Grade 4'),
(9, 'Grade 5'),
(10, 'Grade 6'),
(11, 'Grade 7'),
(12, 'Grade 8'),
(13, 'Grade 9'),
(14, 'Grade 10'),
(15, 'Grade 11'),
(16, 'Grade 12'),
(17, 'Grade 13'),
(18, 'Grade 14'),
(19, 'Grade 15'),
(20, 'A'),
(21, 'B'),
(22, 'C'),
(23, 'D'),
(24, 'E'),
(25, 'F'),
(26, 'G'),
(27, 'H'),
(28, 'I'),
(29, 'J'),
(30, 'A'),
(31, 'B'),
(32, 'C'),
(33, 'D'),
(34, 'E'),
(35, 'F'),
(36, 'G'),
(37, 'H'),
(38, 'I'),
(39, 'J'),
(40, 'A'),
(41, 'B'),
(42, 'C'),
(43, 'D'),
(44, 'E'),
(45, 'F'),
(46, 'G'),
(47, 'H'),
(48, 'I'),
(49, 'J'),
(50, 'class d');

-- --------------------------------------------------------

--
-- Table structure for table `grades`
--

CREATE TABLE `grades` (
  `id` int(11) NOT NULL,
  `student_id` int(11) NOT NULL,
  `subject_id` int(11) NOT NULL,
  `grade` varchar(5) DEFAULT NULL
) ENGINE=InnoDB DEFAULT CHARSET=utf8mb4 COLLATE=utf8mb4_general_ci;

--
-- Dumping data for table `grades`
--

INSERT INTO `grades` (`id`, `student_id`, `subject_id`, `grade`) VALUES
(4, 4, 2, '69'),
(5, 4, 2, '69'),
(6, 4, 2, '69');

-- --------------------------------------------------------

--
-- Table structure for table `messages`
--

CREATE TABLE `messages` (
  `id` int(11) NOT NULL,
  `from_user_id` int(11) NOT NULL,
  `to_user_id` int(11) NOT NULL,
  `message` text NOT NULL,
  `timestamp` timestamp NOT NULL DEFAULT current_timestamp()
) ENGINE=InnoDB DEFAULT CHARSET=utf8mb4 COLLATE=utf8mb4_general_ci;

-- --------------------------------------------------------

--
-- Table structure for table `students`
--

CREATE TABLE `students` (
  `id` int(11) NOT NULL,
  `user_id` int(11) NOT NULL,
  `full_name` varchar(100) NOT NULL,
  `gender` enum('male','female') NOT NULL,
  `class_id` int(11) NOT NULL,
  `roll` varchar(10) DEFAULT NULL
) ENGINE=InnoDB DEFAULT CHARSET=utf8mb4 COLLATE=utf8mb4_general_ci;

--
-- Dumping data for table `students`
--

INSERT INTO `students` (`id`, `user_id`, `full_name`, `gender`, `class_id`, `roll`) VALUES
(3, 7, 'tadele aschale', 'male', 17, NULL),
(4, 9, 'tadele asch', 'male', 4, 'student'),
(6, 18, 'tadele aschale', 'male', 13, '6'),
(7, 20, 'tadele aschale', 'male', 24, '5'),
(8, 21, 'tadele asch', 'male', 34, NULL);

-- --------------------------------------------------------

--
-- Table structure for table `subjects`
--

CREATE TABLE `subjects` (
  `id` int(11) NOT NULL,
  `name` varchar(50) NOT NULL,
  `class_id` int(11) NOT NULL
) ENGINE=InnoDB DEFAULT CHARSET=utf8mb4 COLLATE=utf8mb4_general_ci;

--
-- Dumping data for table `subjects`
--

INSERT INTO `subjects` (`id`, `name`, `class_id`) VALUES
(1, 'Mathematics', 1),
(2, 'English', 1),
(3, 'Physics', 1),
(4, 'Chemistry', 1),
(5, 'Biology', 1),
(6, 'History', 1),
(7, 'Geography', 1),
(8, 'Sociology', 1),
(9, 'Psychology', 1),
(10, 'Art', 1),
(11, 'Music', 1),
(12, 'Physical Education', 1),
(13, 'Mathematics', 2),
(14, 'English', 2),
(15, 'Physics', 2),
(16, 'Chemistry', 2),
(17, 'Biology', 2),
(18, 'History', 2),
(19, 'Geography', 2),
(20, 'Sociology', 2),
(21, 'Psychology', 2),
(22, 'Art', 2),
(23, 'Music', 2),
(24, 'Physical Education', 2),
(25, 'Mathematics', 3),
(26, 'English', 3),
(27, 'Physics', 3),
(28, 'Chemistry', 3),
(29, 'Biology', 3),
(30, 'History', 3),
(31, 'Geography', 3),
(32, 'Sociology', 3),
(33, 'Psychology', 3),
(34, 'Art', 3),
(35, 'Music', 3),
(36, 'Physical Education', 3),
(37, 'Mathematics', 4),
(38, 'English', 4),
(39, 'Physics', 4),
(40, 'Chemistry', 4),
(41, 'Biology', 4),
(42, 'History', 4),
(43, 'Geography', 4),
(44, 'Sociology', 4),
(45, 'Psychology', 4),
(46, 'Art', 4),
(47, 'Music', 4),
(48, 'Physical Education', 4),
(49, 'Mathematics', 5),
(50, 'English', 5),
(51, 'Physics', 5),
(52, 'Chemistry', 5),
(53, 'Biology', 5),
(54, 'History', 5),
(55, 'Geography', 5),
(56, 'Sociology', 5),
(57, 'Psychology', 5),
(58, 'Art', 5),
(59, 'Music', 5),
(60, 'Physical Education', 5),
(61, 'Mathematics', 6),
(62, 'English', 6),
(63, 'Physics', 6),
(64, 'Chemistry', 6),
(65, 'Biology', 6),
(66, 'History', 6),
(67, 'Geography', 6),
(68, 'Sociology', 6),
(69, 'Psychology', 6),
(70, 'Art', 6),
(71, 'Music', 6),
(72, 'Physical Education', 6),
(73, 'Mathematics', 7),
(74, 'English', 7),
(75, 'Physics', 7),
(76, 'Chemistry', 7),
(77, 'Biology', 7),
(78, 'History', 7),
(79, 'Geography', 7),
(80, 'Sociology', 7),
(81, 'Psychology', 7),
(82, 'Art', 7),
(83, 'Music', 7),
(84, 'Physical Education', 7),
(85, 'Mathematics', 8),
(86, 'English', 8),
(87, 'Physics', 8),
(88, 'Chemistry', 8),
(89, 'Biology', 8),
(90, 'History', 8),
(91, 'Geography', 8),
(92, 'Sociology', 8),
(93, 'Psychology', 8),
(94, 'Art', 8),
(95, 'Music', 8),
(96, 'Physical Education', 8),
(97, 'Mathematics', 9),
(98, 'English', 9),
(99, 'Physics', 9),
(100, 'Chemistry', 9),
(101, 'Biology', 9),
(102, 'History', 9),
(103, 'Geography', 9),
(104, 'Sociology', 9),
(105, 'Psychology', 9),
(106, 'Art', 9),
(107, 'Music', 9),
(108, 'Physical Education', 9),
(109, 'Mathematics', 10),
(110, 'English', 10),
(111, 'Physics', 10),
(112, 'Chemistry', 10),
(113, 'Biology', 10),
(114, 'History', 10),
(115, 'Geography', 10),
(116, 'Sociology', 10),
(117, 'Psychology', 10),
(118, 'Art', 10),
(119, 'Music', 10),
(120, 'Physical Education', 10),
(121, 'Mathematics', 11),
(122, 'English', 11),
(123, 'Physics', 11),
(124, 'Chemistry', 11),
(125, 'Biology', 11),
(126, 'History', 11),
(127, 'Geography', 11),
(128, 'Sociology', 11),
(129, 'Psychology', 11),
(130, 'Art', 11),
(131, 'Music', 11),
(132, 'Physical Education', 11),
(133, 'Mathematics', 12),
(134, 'English', 12),
(135, 'Physics', 12),
(136, 'Chemistry', 12),
(137, 'Biology', 12),
(138, 'History', 12),
(139, 'Geography', 12),
(140, 'Sociology', 12),
(141, 'Psychology', 12),
(142, 'Art', 12),
(143, 'Music', 12),
(144, 'Physical Education', 12),
(145, 'Mathematics', 13),
(146, 'English', 13),
(147, 'Physics', 13),
(148, 'Chemistry', 13),
(149, 'Biology', 13),
(150, 'History', 13),
(151, 'Geography', 13),
(152, 'Sociology', 13),
(153, 'Psychology', 13),
(154, 'Art', 13),
(155, 'Music', 13),
(156, 'Physical Education', 13),
(157, 'Mathematics', 14),
(158, 'English', 14),
(159, 'Physics', 14),
(160, 'Chemistry', 14),
(161, 'Biology', 14),
(162, 'History', 14),
(163, 'Geography', 14),
(164, 'Sociology', 14),
(165, 'Psychology', 14),
(166, 'Art', 14),
(167, 'Music', 14),
(168, 'Physical Education', 14),
(169, 'Mathematics', 15),
(170, 'English', 15),
(171, 'Physics', 15),
(172, 'Chemistry', 15),
(173, 'Biology', 15),
(174, 'History', 15),
(175, 'Geography', 15),
(176, 'Sociology', 15),
(177, 'Psychology', 15),
(178, 'Art', 15),
(179, 'Music', 15),
(180, 'Physical Education', 15),
(181, 'Mathematics', 16),
(182, 'English', 16),
(183, 'Physics', 16),
(184, 'Chemistry', 16),
(185, 'Biology', 16),
(186, 'History', 16),
(187, 'Geography', 16),
(188, 'Sociology', 16),
(189, 'Psychology', 16),
(190, 'Art', 16),
(191, 'Music', 16),
(192, 'Physical Education', 16),
(193, 'Mathematics', 17),
(194, 'English', 17),
(195, 'Physics', 17),
(196, 'Chemistry', 17),
(197, 'Biology', 17),
(198, 'History', 17),
(199, 'Geography', 17),
(200, 'Sociology', 17),
(201, 'Psychology', 17),
(202, 'Art', 17),
(203, 'Music', 17),
(204, 'Physical Education', 17),
(205, 'Mathematics', 18),
(206, 'English', 18),
(207, 'Physics', 18),
(208, 'Chemistry', 18),
(209, 'Biology', 18),
(210, 'History', 18),
(211, 'Geography', 18),
(212, 'Sociology', 18),
(213, 'Psychology', 18),
(214, 'Art', 18),
(215, 'Music', 18),
(216, 'Physical Education', 18),
(217, 'Mathematics', 19),
(218, 'English', 19),
(219, 'Physics', 19),
(220, 'Chemistry', 19),
(221, 'Biology', 19),
(222, 'History', 19),
(223, 'Geography', 19),
(224, 'Sociology', 19),
(225, 'Psychology', 19),
(226, 'Art', 19),
(227, 'Music', 19),
(228, 'Physical Education', 19),
(229, 'Mathematics', 1),
(230, 'English', 1),
(231, 'Physics', 1),
(232, 'Chemistry', 1),
(233, 'Biology', 1),
(234, 'History', 1),
(235, 'Geography', 1),
(236, 'Sociology', 1),
(237, 'Psychology', 1),
(238, 'Art', 1),
(239, 'Music', 1),
(240, 'Physical Education', 1),
(241, 'Mathematics', 2),
(242, 'English', 2),
(243, 'Physics', 2),
(244, 'Chemistry', 2),
(245, 'Biology', 2),
(246, 'History', 2),
(247, 'Geography', 2),
(248, 'Sociology', 2),
(249, 'Psychology', 2),
(250, 'Art', 2),
(251, 'Music', 2),
(252, 'Physical Education', 2),
(253, 'Mathematics', 3),
(254, 'English', 3),
(255, 'Physics', 3),
(256, 'Chemistry', 3),
(257, 'Biology', 3),
(258, 'History', 3),
(259, 'Geography', 3),
(260, 'Sociology', 3),
(261, 'Psychology', 3),
(262, 'Art', 3),
(263, 'Music', 3),
(264, 'Physical Education', 3),
(265, 'Mathematics', 4),
(266, 'English', 4),
(267, 'Physics', 4),
(268, 'Chemistry', 4),
(269, 'Biology', 4),
(270, 'History', 4),
(271, 'Geography', 4),
(272, 'Sociology', 4),
(273, 'Psychology', 4),
(274, 'Art', 4),
(275, 'Music', 4),
(276, 'Physical Education', 4),
(277, 'Mathematics', 5),
(278, 'English', 5),
(279, 'Physics', 5),
(280, 'Chemistry', 5),
(281, 'Biology', 5),
(282, 'History', 5),
(283, 'Geography', 5),
(284, 'Sociology', 5),
(285, 'Psychology', 5),
(286, 'Art', 5),
(287, 'Music', 5),
(288, 'Physical Education', 5),
(289, 'Mathematics', 6),
(290, 'English', 6),
(291, 'Physics', 6),
(292, 'Chemistry', 6),
(293, 'Biology', 6),
(294, 'History', 6),
(295, 'Geography', 6),
(296, 'Sociology', 6),
(297, 'Psychology', 6),
(298, 'Art', 6),
(299, 'Music', 6),
(300, 'Physical Education', 6),
(301, 'Mathematics', 7),
(302, 'English', 7),
(303, 'Physics', 7),
(304, 'Chemistry', 7),
(305, 'Biology', 7),
(306, 'History', 7),
(307, 'Geography', 7),
(308, 'Sociology', 7),
(309, 'Psychology', 7),
(310, 'Art', 7),
(311, 'Music', 7),
(312, 'Physical Education', 7),
(313, 'Mathematics', 8),
(314, 'English', 8),
(315, 'Physics', 8),
(316, 'Chemistry', 8),
(317, 'Biology', 8),
(318, 'History', 8),
(319, 'Geography', 8),
(320, 'Sociology', 8),
(321, 'Psychology', 8),
(322, 'Art', 8),
(323, 'Music', 8),
(324, 'Physical Education', 8),
(325, 'Mathematics', 9),
(326, 'English', 9),
(327, 'Physics', 9),
(328, 'Chemistry', 9),
(329, 'Biology', 9),
(330, 'History', 9),
(331, 'Geography', 9),
(332, 'Sociology', 9),
(333, 'Psychology', 9),
(334, 'Art', 9),
(335, 'Music', 9),
(336, 'Physical Education', 9),
(337, 'Mathematics', 10),
(338, 'English', 10),
(339, 'Physics', 10),
(340, 'Chemistry', 10),
(341, 'Biology', 10),
(342, 'History', 10),
(343, 'Geography', 10),
(344, 'Sociology', 10),
(345, 'Psychology', 10),
(346, 'Art', 10),
(347, 'Music', 10),
(348, 'Physical Education', 10),
(349, 'Mathematics', 11),
(350, 'English', 11),
(351, 'Physics', 11),
(352, 'Chemistry', 11),
(353, 'Biology', 11),
(354, 'History', 11),
(355, 'Geography', 11),
(356, 'Sociology', 11),
(357, 'Psychology', 11),
(358, 'Art', 11),
(359, 'Music', 11),
(360, 'Physical Education', 11),
(361, 'Mathematics', 12),
(362, 'English', 12),
(363, 'Physics', 12),
(364, 'Chemistry', 12),
(365, 'Biology', 12),
(366, 'History', 12),
(367, 'Geography', 12),
(368, 'Sociology', 12),
(369, 'Psychology', 12),
(370, 'Art', 12),
(371, 'Music', 12),
(372, 'Physical Education', 12),
(373, 'Mathematics', 13),
(374, 'English', 13),
(375, 'Physics', 13),
(376, 'Chemistry', 13),
(377, 'Biology', 13),
(378, 'History', 13),
(379, 'Geography', 13),
(380, 'Sociology', 13),
(381, 'Psychology', 13),
(382, 'Art', 13),
(383, 'Music', 13),
(384, 'Physical Education', 13),
(385, 'Mathematics', 14),
(386, 'English', 14),
(387, 'Physics', 14),
(388, 'Chemistry', 14),
(389, 'Biology', 14),
(390, 'History', 14),
(391, 'Geography', 14),
(392, 'Sociology', 14),
(393, 'Psychology', 14),
(394, 'Art', 14),
(395, 'Music', 14),
(396, 'Physical Education', 14),
(397, 'Mathematics', 15),
(398, 'English', 15),
(399, 'Physics', 15),
(400, 'Chemistry', 15),
(401, 'Biology', 15),
(402, 'History', 15),
(403, 'Geography', 15),
(404, 'Sociology', 15),
(405, 'Psychology', 15),
(406, 'Art', 15),
(407, 'Music', 15),
(408, 'Physical Education', 15),
(409, 'Mathematics', 16),
(410, 'English', 16),
(411, 'Physics', 16),
(412, 'Chemistry', 16),
(413, 'Biology', 16),
(414, 'History', 16),
(415, 'Geography', 16),
(416, 'Sociology', 16),
(417, 'Psychology', 16),
(418, 'Art', 16),
(419, 'Music', 16),
(420, 'Physical Education', 16),
(421, 'Mathematics', 17),
(422, 'English', 17),
(423, 'Physics', 17),
(424, 'Chemistry', 17),
(425, 'Biology', 17),
(426, 'History', 17),
(427, 'Geography', 17),
(428, 'Sociology', 17),
(429, 'Psychology', 17),
(430, 'Art', 17),
(431, 'Music', 17),
(432, 'Physical Education', 17),
(433, 'Mathematics', 18),
(434, 'English', 18),
(435, 'Physics', 18),
(436, 'Chemistry', 18),
(437, 'Biology', 18),
(438, 'History', 18),
(439, 'Geography', 18),
(440, 'Sociology', 18),
(441, 'Psychology', 18),
(442, 'Art', 18),
(443, 'Music', 18),
(444, 'Physical Education', 18),
(445, 'Mathematics', 19),
(446, 'English', 19),
(447, 'Physics', 19),
(448, 'Chemistry', 19),
(449, 'Biology', 19),
(450, 'History', 19),
(451, 'Geography', 19),
(452, 'Sociology', 19),
(453, 'Psychology', 19),
(454, 'Art', 19),
(455, 'Music', 19),
(456, 'Physical Education', 19),
(457, 'Mathematics', 20),
(458, 'English', 20),
(459, 'Physics', 20),
(460, 'Chemistry', 20),
(461, 'Biology', 20),
(462, 'History', 20),
(463, 'Geography', 20),
(464, 'Sociology', 20),
(465, 'Psychology', 20),
(466, 'Art', 20),
(467, 'Music', 20),
(468, 'Physical Education', 20),
(469, 'Mathematics', 21),
(470, 'English', 21),
(471, 'Physics', 21),
(472, 'Chemistry', 21),
(473, 'Biology', 21),
(474, 'History', 21),
(475, 'Geography', 21),
(476, 'Sociology', 21),
(477, 'Psychology', 21),
(478, 'Art', 21),
(479, 'Music', 21),
(480, 'Physical Education', 21),
(481, 'Mathematics', 22),
(482, 'English', 22),
(483, 'Physics', 22),
(484, 'Chemistry', 22),
(485, 'Biology', 22),
(486, 'History', 22),
(487, 'Geography', 22),
(488, 'Sociology', 22),
(489, 'Psychology', 22),
(490, 'Art', 22),
(491, 'Music', 22),
(492, 'Physical Education', 22),
(493, 'Mathematics', 23),
(494, 'English', 23),
(495, 'Physics', 23),
(496, 'Chemistry', 23),
(497, 'Biology', 23),
(498, 'History', 23),
(499, 'Geography', 23),
(500, 'Sociology', 23),
(501, 'Psychology', 23),
(502, 'Art', 23),
(503, 'Music', 23),
(504, 'Physical Education', 23),
(505, 'Mathematics', 24),
(506, 'English', 24),
(507, 'Physics', 24),
(508, 'Chemistry', 24),
(509, 'Biology', 24),
(510, 'History', 24),
(511, 'Geography', 24),
(512, 'Sociology', 24),
(513, 'Psychology', 24),
(514, 'Art', 24),
(515, 'Music', 24),
(516, 'Physical Education', 24),
(517, 'Mathematics', 25),
(518, 'English', 25),
(519, 'Physics', 25),
(520, 'Chemistry', 25),
(521, 'Biology', 25),
(522, 'History', 25),
(523, 'Geography', 25),
(524, 'Sociology', 25),
(525, 'Psychology', 25),
(526, 'Art', 25),
(527, 'Music', 25),
(528, 'Physical Education', 25),
(529, 'Mathematics', 26),
(530, 'English', 26),
(531, 'Physics', 26),
(532, 'Chemistry', 26),
(533, 'Biology', 26),
(534, 'History', 26),
(535, 'Geography', 26),
(536, 'Sociology', 26),
(537, 'Psychology', 26),
(538, 'Art', 26),
(539, 'Music', 26),
(540, 'Physical Education', 26),
(541, 'Mathematics', 27),
(542, 'English', 27),
(543, 'Physics', 27),
(544, 'Chemistry', 27),
(545, 'Biology', 27),
(546, 'History', 27),
(547, 'Geography', 27),
(548, 'Sociology', 27),
(549, 'Psychology', 27),
(550, 'Art', 27),
(551, 'Music', 27),
(552, 'Physical Education', 27),
(553, 'Mathematics', 28),
(554, 'English', 28),
(555, 'Physics', 28),
(556, 'Chemistry', 28),
(557, 'Biology', 28),
(558, 'History', 28),
(559, 'Geography', 28),
(560, 'Sociology', 28),
(561, 'Psychology', 28),
(562, 'Art', 28),
(563, 'Music', 28),
(564, 'Physical Education', 28),
(565, 'Mathematics', 29),
(566, 'English', 29),
(567, 'Physics', 29),
(568, 'Chemistry', 29),
(569, 'Biology', 29),
(570, 'History', 29),
(571, 'Geography', 29),
(572, 'Sociology', 29),
(573, 'Psychology', 29),
(574, 'Art', 29),
(575, 'Music', 29),
(576, 'Physical Education', 29),
(577, 'Mathematics', 1),
(578, 'English', 1),
(579, 'Physics', 1),
(580, 'Chemistry', 1),
(581, 'Biology', 1),
(582, 'History', 1),
(583, 'Geography', 1),
(584, 'Sociology', 1),
(585, 'Psychology', 1),
(586, 'Art', 1),
(587, 'Music', 1),
(588, 'Physical Education', 1),
(589, 'Mathematics', 2),
(590, 'English', 2),
(591, 'Physics', 2),
(592, 'Chemistry', 2),
(593, 'Biology', 2),
(594, 'History', 2),
(595, 'Geography', 2),
(596, 'Sociology', 2),
(597, 'Psychology', 2),
(598, 'Art', 2),
(599, 'Music', 2),
(600, 'Physical Education', 2),
(601, 'Mathematics', 3),
(602, 'English', 3),
(603, 'Physics', 3),
(604, 'Chemistry', 3),
(605, 'Biology', 3),
(606, 'History', 3),
(607, 'Geography', 3),
(608, 'Sociology', 3),
(609, 'Psychology', 3),
(610, 'Art', 3),
(611, 'Music', 3),
(612, 'Physical Education', 3),
(613, 'Mathematics', 4),
(614, 'English', 4),
(615, 'Physics', 4),
(616, 'Chemistry', 4),
(617, 'Biology', 4),
(618, 'History', 4),
(619, 'Geography', 4),
(620, 'Sociology', 4),
(621, 'Psychology', 4),
(622, 'Art', 4),
(623, 'Music', 4),
(624, 'Physical Education', 4),
(625, 'Mathematics', 5),
(626, 'English', 5),
(627, 'Physics', 5),
(628, 'Chemistry', 5),
(629, 'Biology', 5),
(630, 'History', 5),
(631, 'Geography', 5),
(632, 'Sociology', 5),
(633, 'Psychology', 5),
(634, 'Art', 5),
(635, 'Music', 5),
(636, 'Physical Education', 5),
(637, 'Mathematics', 6),
(638, 'English', 6),
(639, 'Physics', 6),
(640, 'Chemistry', 6),
(641, 'Biology', 6),
(642, 'History', 6),
(643, 'Geography', 6),
(644, 'Sociology', 6),
(645, 'Psychology', 6),
(646, 'Art', 6),
(647, 'Music', 6),
(648, 'Physical Education', 6),
(649, 'Mathematics', 7),
(650, 'English', 7),
(651, 'Physics', 7),
(652, 'Chemistry', 7),
(653, 'Biology', 7),
(654, 'History', 7),
(655, 'Geography', 7),
(656, 'Sociology', 7),
(657, 'Psychology', 7),
(658, 'Art', 7),
(659, 'Music', 7),
(660, 'Physical Education', 7),
(661, 'Mathematics', 8),
(662, 'English', 8),
(663, 'Physics', 8),
(664, 'Chemistry', 8),
(665, 'Biology', 8),
(666, 'History', 8),
(667, 'Geography', 8),
(668, 'Sociology', 8),
(669, 'Psychology', 8),
(670, 'Art', 8),
(671, 'Music', 8),
(672, 'Physical Education', 8),
(673, 'Mathematics', 9),
(674, 'English', 9),
(675, 'Physics', 9),
(676, 'Chemistry', 9),
(677, 'Biology', 9),
(678, 'History', 9),
(679, 'Geography', 9),
(680, 'Sociology', 9),
(681, 'Psychology', 9),
(682, 'Art', 9),
(683, 'Music', 9),
(684, 'Physical Education', 9),
(685, 'Mathematics', 10),
(686, 'English', 10),
(687, 'Physics', 10),
(688, 'Chemistry', 10),
(689, 'Biology', 10),
(690, 'History', 10),
(691, 'Geography', 10),
(692, 'Sociology', 10),
(693, 'Psychology', 10),
(694, 'Art', 10),
(695, 'Music', 10),
(696, 'Physical Education', 10),
(697, 'Mathematics', 11),
(698, 'English', 11),
(699, 'Physics', 11),
(700, 'Chemistry', 11),
(701, 'Biology', 11),
(702, 'History', 11),
(703, 'Geography', 11),
(704, 'Sociology', 11),
(705, 'Psychology', 11),
(706, 'Art', 11),
(707, 'Music', 11),
(708, 'Physical Education', 11),
(709, 'Mathematics', 12),
(710, 'English', 12),
(711, 'Physics', 12),
(712, 'Chemistry', 12),
(713, 'Biology', 12),
(714, 'History', 12),
(715, 'Geography', 12),
(716, 'Sociology', 12),
(717, 'Psychology', 12),
(718, 'Art', 12),
(719, 'Music', 12),
(720, 'Physical Education', 12),
(721, 'Mathematics', 13),
(722, 'English', 13),
(723, 'Physics', 13),
(724, 'Chemistry', 13),
(725, 'Biology', 13),
(726, 'History', 13),
(727, 'Geography', 13),
(728, 'Sociology', 13),
(729, 'Psychology', 13),
(730, 'Art', 13),
(731, 'Music', 13),
(732, 'Physical Education', 13),
(733, 'Mathematics', 14),
(734, 'English', 14),
(735, 'Physics', 14),
(736, 'Chemistry', 14),
(737, 'Biology', 14),
(738, 'History', 14),
(739, 'Geography', 14),
(740, 'Sociology', 14),
(741, 'Psychology', 14),
(742, 'Art', 14),
(743, 'Music', 14),
(744, 'Physical Education', 14),
(745, 'Mathematics', 15),
(746, 'English', 15),
(747, 'Physics', 15),
(748, 'Chemistry', 15),
(749, 'Biology', 15),
(750, 'History', 15),
(751, 'Geography', 15),
(752, 'Sociology', 15),
(753, 'Psychology', 15),
(754, 'Art', 15),
(755, 'Music', 15),
(756, 'Physical Education', 15),
(757, 'Mathematics', 16),
(758, 'English', 16),
(759, 'Physics', 16),
(760, 'Chemistry', 16),
(761, 'Biology', 16),
(762, 'History', 16),
(763, 'Geography', 16),
(764, 'Sociology', 16),
(765, 'Psychology', 16),
(766, 'Art', 16),
(767, 'Music', 16),
(768, 'Physical Education', 16),
(769, 'Mathematics', 17),
(770, 'English', 17),
(771, 'Physics', 17),
(772, 'Chemistry', 17),
(773, 'Biology', 17),
(774, 'History', 17),
(775, 'Geography', 17),
(776, 'Sociology', 17),
(777, 'Psychology', 17),
(778, 'Art', 17),
(779, 'Music', 17),
(780, 'Physical Education', 17),
(781, 'Mathematics', 18),
(782, 'English', 18),
(783, 'Physics', 18),
(784, 'Chemistry', 18),
(785, 'Biology', 18),
(786, 'History', 18),
(787, 'Geography', 18),
(788, 'Sociology', 18),
(789, 'Psychology', 18),
(790, 'Art', 18),
(791, 'Music', 18),
(792, 'Physical Education', 18),
(793, 'Mathematics', 19),
(794, 'English', 19),
(795, 'Physics', 19),
(796, 'Chemistry', 19),
(797, 'Biology', 19),
(798, 'History', 19),
(799, 'Geography', 19),
(800, 'Sociology', 19),
(801, 'Psychology', 19),
(802, 'Art', 19),
(803, 'Music', 19),
(804, 'Physical Education', 19),
(805, 'Mathematics', 20),
(806, 'English', 20),
(807, 'Physics', 20),
(808, 'Chemistry', 20),
(809, 'Biology', 20),
(810, 'History', 20),
(811, 'Geography', 20),
(812, 'Sociology', 20),
(813, 'Psychology', 20),
(814, 'Art', 20),
(815, 'Music', 20),
(816, 'Physical Education', 20),
(817, 'Mathematics', 21),
(818, 'English', 21),
(819, 'Physics', 21),
(820, 'Chemistry', 21),
(821, 'Biology', 21),
(822, 'History', 21),
(823, 'Geography', 21),
(824, 'Sociology', 21),
(825, 'Psychology', 21),
(826, 'Art', 21),
(827, 'Music', 21),
(828, 'Physical Education', 21),
(829, 'Mathematics', 22),
(830, 'English', 22),
(831, 'Physics', 22),
(832, 'Chemistry', 22),
(833, 'Biology', 22),
(834, 'History', 22),
(835, 'Geography', 22),
(836, 'Sociology', 22),
(837, 'Psychology', 22),
(838, 'Art', 22),
(839, 'Music', 22),
(840, 'Physical Education', 22),
(841, 'Mathematics', 23),
(842, 'English', 23),
(843, 'Physics', 23),
(844, 'Chemistry', 23),
(845, 'Biology', 23),
(846, 'History', 23),
(847, 'Geography', 23),
(848, 'Sociology', 23),
(849, 'Psychology', 23),
(850, 'Art', 23),
(851, 'Music', 23),
(852, 'Physical Education', 23),
(853, 'Mathematics', 24),
(854, 'English', 24),
(855, 'Physics', 24),
(856, 'Chemistry', 24),
(857, 'Biology', 24),
(858, 'History', 24),
(859, 'Geography', 24),
(860, 'Sociology', 24),
(861, 'Psychology', 24),
(862, 'Art', 24),
(863, 'Music', 24),
(864, 'Physical Education', 24),
(865, 'Mathematics', 25),
(866, 'English', 25),
(867, 'Physics', 25),
(868, 'Chemistry', 25),
(869, 'Biology', 25),
(870, 'History', 25),
(871, 'Geography', 25),
(872, 'Sociology', 25),
(873, 'Psychology', 25),
(874, 'Art', 25),
(875, 'Music', 25),
(876, 'Physical Education', 25),
(877, 'Mathematics', 26),
(878, 'English', 26),
(879, 'Physics', 26),
(880, 'Chemistry', 26),
(881, 'Biology', 26),
(882, 'History', 26),
(883, 'Geography', 26),
(884, 'Sociology', 26),
(885, 'Psychology', 26),
(886, 'Art', 26),
(887, 'Music', 26),
(888, 'Physical Education', 26),
(889, 'Mathematics', 27),
(890, 'English', 27),
(891, 'Physics', 27),
(892, 'Chemistry', 27),
(893, 'Biology', 27),
(894, 'History', 27),
(895, 'Geography', 27),
(896, 'Sociology', 27),
(897, 'Psychology', 27),
(898, 'Art', 27),
(899, 'Music', 27),
(900, 'Physical Education', 27),
(901, 'Mathematics', 28),
(902, 'English', 28),
(903, 'Physics', 28),
(904, 'Chemistry', 28),
(905, 'Biology', 28),
(906, 'History', 28),
(907, 'Geography', 28),
(908, 'Sociology', 28),
(909, 'Psychology', 28),
(910, 'Art', 28),
(911, 'Music', 28),
(912, 'Physical Education', 28),
(913, 'Mathematics', 29),
(914, 'English', 29),
(915, 'Physics', 29),
(916, 'Chemistry', 29),
(917, 'Biology', 29),
(918, 'History', 29),
(919, 'Geography', 29),
(920, 'Sociology', 29),
(921, 'Psychology', 29),
(922, 'Art', 29),
(923, 'Music', 29),
(924, 'Physical Education', 29),
(925, 'Mathematics', 30),
(926, 'English', 30),
(927, 'Physics', 30),
(928, 'Chemistry', 30),
(929, 'Biology', 30),
(930, 'History', 30),
(931, 'Geography', 30),
(932, 'Sociology', 30),
(933, 'Psychology', 30),
(934, 'Art', 30),
(935, 'Music', 30),
(936, 'Physical Education', 30),
(937, 'Mathematics', 31),
(938, 'English', 31),
(939, 'Physics', 31),
(940, 'Chemistry', 31),
(941, 'Biology', 31),
(942, 'History', 31),
(943, 'Geography', 31),
(944, 'Sociology', 31),
(945, 'Psychology', 31),
(946, 'Art', 31),
(947, 'Music', 31),
(948, 'Physical Education', 31),
(949, 'Mathematics', 32),
(950, 'English', 32),
(951, 'Physics', 32),
(952, 'Chemistry', 32),
(953, 'Biology', 32),
(954, 'History', 32),
(955, 'Geography', 32),
(956, 'Sociology', 32),
(957, 'Psychology', 32),
(958, 'Art', 32),
(959, 'Music', 32),
(960, 'Physical Education', 32),
(961, 'Mathematics', 33),
(962, 'English', 33),
(963, 'Physics', 33),
(964, 'Chemistry', 33),
(965, 'Biology', 33),
(966, 'History', 33),
(967, 'Geography', 33),
(968, 'Sociology', 33),
(969, 'Psychology', 33),
(970, 'Art', 33),
(971, 'Music', 33),
(972, 'Physical Education', 33),
(973, 'Mathematics', 34),
(974, 'English', 34),
(975, 'Physics', 34),
(976, 'Chemistry', 34),
(977, 'Biology', 34),
(978, 'History', 34),
(979, 'Geography', 34),
(980, 'Sociology', 34),
(981, 'Psychology', 34),
(982, 'Art', 34),
(983, 'Music', 34),
(984, 'Physical Education', 34),
(985, 'Mathematics', 35),
(986, 'English', 35),
(987, 'Physics', 35),
(988, 'Chemistry', 35),
(989, 'Biology', 35),
(990, 'History', 35),
(991, 'Geography', 35),
(992, 'Sociology', 35),
(993, 'Psychology', 35),
(994, 'Art', 35),
(995, 'Music', 35),
(996, 'Physical Education', 35),
(997, 'Mathematics', 36),
(998, 'English', 36),
(999, 'Physics', 36),
(1000, 'Chemistry', 36),
(1001, 'Biology', 36),
(1002, 'History', 36),
(1003, 'Geography', 36),
(1004, 'Sociology', 36),
(1005, 'Psychology', 36),
(1006, 'Art', 36),
(1007, 'Music', 36),
(1008, 'Physical Education', 36),
(1009, 'Mathematics', 37),
(1010, 'English', 37),
(1011, 'Physics', 37),
(1012, 'Chemistry', 37),
(1013, 'Biology', 37),
(1014, 'History', 37),
(1015, 'Geography', 37),
(1016, 'Sociology', 37),
(1017, 'Psychology', 37),
(1018, 'Art', 37),
(1019, 'Music', 37),
(1020, 'Physical Education', 37),
(1021, 'Mathematics', 38),
(1022, 'English', 38),
(1023, 'Physics', 38),
(1024, 'Chemistry', 38),
(1025, 'Biology', 38),
(1026, 'History', 38),
(1027, 'Geography', 38),
(1028, 'Sociology', 38),
(1029, 'Psychology', 38),
(1030, 'Art', 38),
(1031, 'Music', 38),
(1032, 'Physical Education', 38),
(1033, 'Mathematics', 39),
(1034, 'English', 39),
(1035, 'Physics', 39),
(1036, 'Chemistry', 39),
(1037, 'Biology', 39),
(1038, 'History', 39),
(1039, 'Geography', 39),
(1040, 'Sociology', 39),
(1041, 'Psychology', 39),
(1042, 'Art', 39),
(1043, 'Music', 39),
(1044, 'Physical Education', 39),
(1045, 'Mathematics', 1),
(1046, 'English', 1),
(1047, 'Physics', 1),
(1048, 'Chemistry', 1),
(1049, 'Biology', 1),
(1050, 'History', 1),
(1051, 'Geography', 1),
(1052, 'Sociology', 1),
(1053, 'Psychology', 1),
(1054, 'Art', 1),
(1055, 'Music', 1),
(1056, 'Physical Education', 1),
(1057, 'Mathematics', 2),
(1058, 'English', 2),
(1059, 'Physics', 2),
(1060, 'Chemistry', 2),
(1061, 'Biology', 2),
(1062, 'History', 2),
(1063, 'Geography', 2),
(1064, 'Sociology', 2),
(1065, 'Psychology', 2),
(1066, 'Art', 2),
(1067, 'Music', 2),
(1068, 'Physical Education', 2),
(1069, 'Mathematics', 3),
(1070, 'English', 3),
(1071, 'Physics', 3),
(1072, 'Chemistry', 3),
(1073, 'Biology', 3),
(1074, 'History', 3),
(1075, 'Geography', 3),
(1076, 'Sociology', 3),
(1077, 'Psychology', 3),
(1078, 'Art', 3),
(1079, 'Music', 3),
(1080, 'Physical Education', 3),
(1081, 'Mathematics', 4),
(1082, 'English', 4),
(1083, 'Physics', 4),
(1084, 'Chemistry', 4),
(1085, 'Biology', 4),
(1086, 'History', 4),
(1087, 'Geography', 4),
(1088, 'Sociology', 4),
(1089, 'Psychology', 4),
(1090, 'Art', 4),
(1091, 'Music', 4),
(1092, 'Physical Education', 4),
(1093, 'Mathematics', 5),
(1094, 'English', 5),
(1095, 'Physics', 5),
(1096, 'Chemistry', 5),
(1097, 'Biology', 5),
(1098, 'History', 5),
(1099, 'Geography', 5),
(1100, 'Sociology', 5),
(1101, 'Psychology', 5),
(1102, 'Art', 5),
(1103, 'Music', 5),
(1104, 'Physical Education', 5),
(1105, 'Mathematics', 6),
(1106, 'English', 6),
(1107, 'Physics', 6),
(1108, 'Chemistry', 6),
(1109, 'Biology', 6),
(1110, 'History', 6),
(1111, 'Geography', 6),
(1112, 'Sociology', 6),
(1113, 'Psychology', 6),
(1114, 'Art', 6),
(1115, 'Music', 6),
(1116, 'Physical Education', 6),
(1117, 'Mathematics', 7),
(1118, 'English', 7),
(1119, 'Physics', 7),
(1120, 'Chemistry', 7),
(1121, 'Biology', 7),
(1122, 'History', 7),
(1123, 'Geography', 7),
(1124, 'Sociology', 7),
(1125, 'Psychology', 7),
(1126, 'Art', 7),
(1127, 'Music', 7),
(1128, 'Physical Education', 7),
(1129, 'Mathematics', 8),
(1130, 'English', 8),
(1131, 'Physics', 8),
(1132, 'Chemistry', 8),
(1133, 'Biology', 8),
(1134, 'History', 8),
(1135, 'Geography', 8),
(1136, 'Sociology', 8),
(1137, 'Psychology', 8),
(1138, 'Art', 8),
(1139, 'Music', 8),
(1140, 'Physical Education', 8),
(1141, 'Mathematics', 9),
(1142, 'English', 9),
(1143, 'Physics', 9),
(1144, 'Chemistry', 9),
(1145, 'Biology', 9),
(1146, 'History', 9),
(1147, 'Geography', 9),
(1148, 'Sociology', 9),
(1149, 'Psychology', 9),
(1150, 'Art', 9),
(1151, 'Music', 9),
(1152, 'Physical Education', 9),
(1153, 'Mathematics', 10),
(1154, 'English', 10),
(1155, 'Physics', 10),
(1156, 'Chemistry', 10),
(1157, 'Biology', 10),
(1158, 'History', 10),
(1159, 'Geography', 10),
(1160, 'Sociology', 10),
(1161, 'Psychology', 10),
(1162, 'Art', 10),
(1163, 'Music', 10),
(1164, 'Physical Education', 10),
(1165, 'Mathematics', 11),
(1166, 'English', 11),
(1167, 'Physics', 11),
(1168, 'Chemistry', 11),
(1169, 'Biology', 11),
(1170, 'History', 11),
(1171, 'Geography', 11),
(1172, 'Sociology', 11),
(1173, 'Psychology', 11),
(1174, 'Art', 11),
(1175, 'Music', 11),
(1176, 'Physical Education', 11),
(1177, 'Mathematics', 12),
(1178, 'English', 12),
(1179, 'Physics', 12),
(1180, 'Chemistry', 12),
(1181, 'Biology', 12),
(1182, 'History', 12),
(1183, 'Geography', 12),
(1184, 'Sociology', 12),
(1185, 'Psychology', 12),
(1186, 'Art', 12),
(1187, 'Music', 12),
(1188, 'Physical Education', 12),
(1189, 'Mathematics', 13),
(1190, 'English', 13),
(1191, 'Physics', 13),
(1192, 'Chemistry', 13),
(1193, 'Biology', 13),
(1194, 'History', 13),
(1195, 'Geography', 13),
(1196, 'Sociology', 13),
(1197, 'Psychology', 13),
(1198, 'Art', 13),
(1199, 'Music', 13),
(1200, 'Physical Education', 13),
(1201, 'Mathematics', 14),
(1202, 'English', 14),
(1203, 'Physics', 14),
(1204, 'Chemistry', 14),
(1205, 'Biology', 14),
(1206, 'History', 14),
(1207, 'Geography', 14),
(1208, 'Sociology', 14),
(1209, 'Psychology', 14),
(1210, 'Art', 14),
(1211, 'Music', 14),
(1212, 'Physical Education', 14),
(1213, 'Mathematics', 15),
(1214, 'English', 15),
(1215, 'Physics', 15),
(1216, 'Chemistry', 15),
(1217, 'Biology', 15),
(1218, 'History', 15),
(1219, 'Geography', 15),
(1220, 'Sociology', 15),
(1221, 'Psychology', 15),
(1222, 'Art', 15),
(1223, 'Music', 15),
(1224, 'Physical Education', 15),
(1225, 'Mathematics', 16),
(1226, 'English', 16),
(1227, 'Physics', 16),
(1228, 'Chemistry', 16),
(1229, 'Biology', 16),
(1230, 'History', 16),
(1231, 'Geography', 16),
(1232, 'Sociology', 16),
(1233, 'Psychology', 16),
(1234, 'Art', 16),
(1235, 'Music', 16),
(1236, 'Physical Education', 16),
(1237, 'Mathematics', 17),
(1238, 'English', 17),
(1239, 'Physics', 17),
(1240, 'Chemistry', 17),
(1241, 'Biology', 17),
(1242, 'History', 17),
(1243, 'Geography', 17),
(1244, 'Sociology', 17),
(1245, 'Psychology', 17),
(1246, 'Art', 17),
(1247, 'Music', 17),
(1248, 'Physical Education', 17),
(1249, 'Mathematics', 18),
(1250, 'English', 18),
(1251, 'Physics', 18),
(1252, 'Chemistry', 18),
(1253, 'Biology', 18),
(1254, 'History', 18),
(1255, 'Geography', 18),
(1256, 'Sociology', 18),
(1257, 'Psychology', 18),
(1258, 'Art', 18),
(1259, 'Music', 18),
(1260, 'Physical Education', 18),
(1261, 'Mathematics', 19),
(1262, 'English', 19),
(1263, 'Physics', 19),
(1264, 'Chemistry', 19),
(1265, 'Biology', 19),
(1266, 'History', 19),
(1267, 'Geography', 19),
(1268, 'Sociology', 19),
(1269, 'Psychology', 19),
(1270, 'Art', 19),
(1271, 'Music', 19),
(1272, 'Physical Education', 19),
(1273, 'Mathematics', 20),
(1274, 'English', 20),
(1275, 'Physics', 20),
(1276, 'Chemistry', 20),
(1277, 'Biology', 20),
(1278, 'History', 20),
(1279, 'Geography', 20),
(1280, 'Sociology', 20),
(1281, 'Psychology', 20),
(1282, 'Art', 20),
(1283, 'Music', 20),
(1284, 'Physical Education', 20),
(1285, 'Mathematics', 21),
(1286, 'English', 21),
(1287, 'Physics', 21),
(1288, 'Chemistry', 21),
(1289, 'Biology', 21),
(1290, 'History', 21),
(1291, 'Geography', 21),
(1292, 'Sociology', 21),
(1293, 'Psychology', 21),
(1294, 'Art', 21),
(1295, 'Music', 21),
(1296, 'Physical Education', 21),
(1297, 'Mathematics', 22),
(1298, 'English', 22),
(1299, 'Physics', 22),
(1300, 'Chemistry', 22),
(1301, 'Biology', 22),
(1302, 'History', 22),
(1303, 'Geography', 22),
(1304, 'Sociology', 22),
(1305, 'Psychology', 22),
(1306, 'Art', 22),
(1307, 'Music', 22),
(1308, 'Physical Education', 22),
(1309, 'Mathematics', 23),
(1310, 'English', 23),
(1311, 'Physics', 23),
(1312, 'Chemistry', 23),
(1313, 'Biology', 23),
(1314, 'History', 23),
(1315, 'Geography', 23),
(1316, 'Sociology', 23),
(1317, 'Psychology', 23),
(1318, 'Art', 23),
(1319, 'Music', 23),
(1320, 'Physical Education', 23),
(1321, 'Mathematics', 24),
(1322, 'English', 24),
(1323, 'Physics', 24),
(1324, 'Chemistry', 24),
(1325, 'Biology', 24),
(1326, 'History', 24),
(1327, 'Geography', 24),
(1328, 'Sociology', 24),
(1329, 'Psychology', 24),
(1330, 'Art', 24),
(1331, 'Music', 24),
(1332, 'Physical Education', 24),
(1333, 'Mathematics', 25),
(1334, 'English', 25),
(1335, 'Physics', 25),
(1336, 'Chemistry', 25),
(1337, 'Biology', 25),
(1338, 'History', 25),
(1339, 'Geography', 25),
(1340, 'Sociology', 25),
(1341, 'Psychology', 25),
(1342, 'Art', 25),
(1343, 'Music', 25),
(1344, 'Physical Education', 25),
(1345, 'Mathematics', 26),
(1346, 'English', 26),
(1347, 'Physics', 26),
(1348, 'Chemistry', 26),
(1349, 'Biology', 26),
(1350, 'History', 26),
(1351, 'Geography', 26),
(1352, 'Sociology', 26),
(1353, 'Psychology', 26),
(1354, 'Art', 26),
(1355, 'Music', 26),
(1356, 'Physical Education', 26),
(1357, 'Mathematics', 27),
(1358, 'English', 27),
(1359, 'Physics', 27),
(1360, 'Chemistry', 27),
(1361, 'Biology', 27),
(1362, 'History', 27),
(1363, 'Geography', 27),
(1364, 'Sociology', 27),
(1365, 'Psychology', 27),
(1366, 'Art', 27),
(1367, 'Music', 27),
(1368, 'Physical Education', 27),
(1369, 'Mathematics', 28),
(1370, 'English', 28),
(1371, 'Physics', 28),
(1372, 'Chemistry', 28),
(1373, 'Biology', 28),
(1374, 'History', 28),
(1375, 'Geography', 28),
(1376, 'Sociology', 28),
(1377, 'Psychology', 28),
(1378, 'Art', 28),
(1379, 'Music', 28),
(1380, 'Physical Education', 28),
(1381, 'Mathematics', 29),
(1382, 'English', 29),
(1383, 'Physics', 29),
(1384, 'Chemistry', 29),
(1385, 'Biology', 29),
(1386, 'History', 29),
(1387, 'Geography', 29),
(1388, 'Sociology', 29),
(1389, 'Psychology', 29),
(1390, 'Art', 29),
(1391, 'Music', 29),
(1392, 'Physical Education', 29),
(1393, 'Mathematics', 30),
(1394, 'English', 30),
(1395, 'Physics', 30),
(1396, 'Chemistry', 30),
(1397, 'Biology', 30),
(1398, 'History', 30),
(1399, 'Geography', 30),
(1400, 'Sociology', 30),
(1401, 'Psychology', 30),
(1402, 'Art', 30),
(1403, 'Music', 30),
(1404, 'Physical Education', 30),
(1405, 'Mathematics', 31),
(1406, 'English', 31),
(1407, 'Physics', 31),
(1408, 'Chemistry', 31),
(1409, 'Biology', 31),
(1410, 'History', 31),
(1411, 'Geography', 31),
(1412, 'Sociology', 31),
(1413, 'Psychology', 31),
(1414, 'Art', 31),
(1415, 'Music', 31),
(1416, 'Physical Education', 31),
(1417, 'Mathematics', 32),
(1418, 'English', 32),
(1419, 'Physics', 32),
(1420, 'Chemistry', 32),
(1421, 'Biology', 32),
(1422, 'History', 32),
(1423, 'Geography', 32),
(1424, 'Sociology', 32),
(1425, 'Psychology', 32),
(1426, 'Art', 32),
(1427, 'Music', 32),
(1428, 'Physical Education', 32),
(1429, 'Mathematics', 33),
(1430, 'English', 33),
(1431, 'Physics', 33),
(1432, 'Chemistry', 33),
(1433, 'Biology', 33),
(1434, 'History', 33),
(1435, 'Geography', 33),
(1436, 'Sociology', 33),
(1437, 'Psychology', 33),
(1438, 'Art', 33),
(1439, 'Music', 33),
(1440, 'Physical Education', 33),
(1441, 'Mathematics', 34),
(1442, 'English', 34),
(1443, 'Physics', 34),
(1444, 'Chemistry', 34),
(1445, 'Biology', 34),
(1446, 'History', 34),
(1447, 'Geography', 34),
(1448, 'Sociology', 34),
(1449, 'Psychology', 34),
(1450, 'Art', 34),
(1451, 'Music', 34),
(1452, 'Physical Education', 34),
(1453, 'Mathematics', 35),
(1454, 'English', 35),
(1455, 'Physics', 35),
(1456, 'Chemistry', 35),
(1457, 'Biology', 35),
(1458, 'History', 35),
(1459, 'Geography', 35),
(1460, 'Sociology', 35),
(1461, 'Psychology', 35),
(1462, 'Art', 35),
(1463, 'Music', 35),
(1464, 'Physical Education', 35),
(1465, 'Mathematics', 36),
(1466, 'English', 36),
(1467, 'Physics', 36),
(1468, 'Chemistry', 36),
(1469, 'Biology', 36),
(1470, 'History', 36),
(1471, 'Geography', 36),
(1472, 'Sociology', 36),
(1473, 'Psychology', 36),
(1474, 'Art', 36),
(1475, 'Music', 36),
(1476, 'Physical Education', 36),
(1477, 'Mathematics', 37),
(1478, 'English', 37),
(1479, 'Physics', 37),
(1480, 'Chemistry', 37),
(1481, 'Biology', 37),
(1482, 'History', 37),
(1483, 'Geography', 37),
(1484, 'Sociology', 37),
(1485, 'Psychology', 37),
(1486, 'Art', 37),
(1487, 'Music', 37),
(1488, 'Physical Education', 37),
(1489, 'Mathematics', 38),
(1490, 'English', 38),
(1491, 'Physics', 38),
(1492, 'Chemistry', 38),
(1493, 'Biology', 38),
(1494, 'History', 38),
(1495, 'Geography', 38),
(1496, 'Sociology', 38),
(1497, 'Psychology', 38),
(1498, 'Art', 38),
(1499, 'Music', 38),
(1500, 'Physical Education', 38),
(1501, 'Mathematics', 39),
(1502, 'English', 39),
(1503, 'Physics', 39),
(1504, 'Chemistry', 39),
(1505, 'Biology', 39),
(1506, 'History', 39),
(1507, 'Geography', 39),
(1508, 'Sociology', 39),
(1509, 'Psychology', 39),
(1510, 'Art', 39),
(1511, 'Music', 39),
(1512, 'Physical Education', 39),
(1513, 'Mathematics', 40),
(1514, 'English', 40),
(1515, 'Physics', 40),
(1516, 'Chemistry', 40),
(1517, 'Biology', 40),
(1518, 'History', 40),
(1519, 'Geography', 40),
(1520, 'Sociology', 40),
(1521, 'Psychology', 40),
(1522, 'Art', 40),
(1523, 'Music', 40),
(1524, 'Physical Education', 40),
(1525, 'Mathematics', 41),
(1526, 'English', 41),
(1527, 'Physics', 41),
(1528, 'Chemistry', 41),
(1529, 'Biology', 41),
(1530, 'History', 41),
(1531, 'Geography', 41),
(1532, 'Sociology', 41),
(1533, 'Psychology', 41),
(1534, 'Art', 41),
(1535, 'Music', 41),
(1536, 'Physical Education', 41),
(1537, 'Mathematics', 42),
(1538, 'English', 42),
(1539, 'Physics', 42),
(1540, 'Chemistry', 42),
(1541, 'Biology', 42),
(1542, 'History', 42),
(1543, 'Geography', 42),
(1544, 'Sociology', 42),
(1545, 'Psychology', 42),
(1546, 'Art', 42),
(1547, 'Music', 42),
(1548, 'Physical Education', 42),
(1549, 'Mathematics', 43),
(1550, 'English', 43),
(1551, 'Physics', 43),
(1552, 'Chemistry', 43),
(1553, 'Biology', 43),
(1554, 'History', 43),
(1555, 'Geography', 43),
(1556, 'Sociology', 43),
(1557, 'Psychology', 43),
(1558, 'Art', 43),
(1559, 'Music', 43),
(1560, 'Physical Education', 43),
(1561, 'Mathematics', 44),
(1562, 'English', 44),
(1563, 'Physics', 44),
(1564, 'Chemistry', 44),
(1565, 'Biology', 44),
(1566, 'History', 44),
(1567, 'Geography', 44),
(1568, 'Sociology', 44),
(1569, 'Psychology', 44),
(1570, 'Art', 44),
(1571, 'Music', 44),
(1572, 'Physical Education', 44),
(1573, 'Mathematics', 45),
(1574, 'English', 45),
(1575, 'Physics', 45),
(1576, 'Chemistry', 45),
(1577, 'Biology', 45),
(1578, 'History', 45),
(1579, 'Geography', 45),
(1580, 'Sociology', 45),
(1581, 'Psychology', 45),
(1582, 'Art', 45),
(1583, 'Music', 45),
(1584, 'Physical Education', 45),
(1585, 'Mathematics', 46),
(1586, 'English', 46),
(1587, 'Physics', 46),
(1588, 'Chemistry', 46),
(1589, 'Biology', 46),
(1590, 'History', 46),
(1591, 'Geography', 46),
(1592, 'Sociology', 46),
(1593, 'Psychology', 46),
(1594, 'Art', 46),
(1595, 'Music', 46),
(1596, 'Physical Education', 46),
(1597, 'Mathematics', 47),
(1598, 'English', 47),
(1599, 'Physics', 47),
(1600, 'Chemistry', 47),
(1601, 'Biology', 47),
(1602, 'History', 47),
(1603, 'Geography', 47),
(1604, 'Sociology', 47),
(1605, 'Psychology', 47),
(1606, 'Art', 47),
(1607, 'Music', 47),
(1608, 'Physical Education', 47),
(1609, 'Mathematics', 48),
(1610, 'English', 48),
(1611, 'Physics', 48),
(1612, 'Chemistry', 48),
(1613, 'Biology', 48),
(1614, 'History', 48),
(1615, 'Geography', 48),
(1616, 'Sociology', 48),
(1617, 'Psychology', 48),
(1618, 'Art', 48),
(1619, 'Music', 48),
(1620, 'Physical Education', 48),
(1621, 'Mathematics', 49),
(1622, 'English', 49),
(1623, 'Physics', 49),
(1624, 'Chemistry', 49),
(1625, 'Biology', 49),
(1626, 'History', 49),
(1627, 'Geography', 49),
(1628, 'Sociology', 49),
(1629, 'Psychology', 49),
(1630, 'Art', 49),
(1631, 'Music', 49),
(1632, 'Physical Education', 49),
(1633, 'fikiradis Enyihe', 14);

-- --------------------------------------------------------

--
-- Table structure for table `teachers`
--

CREATE TABLE `teachers` (
  `id` int(11) NOT NULL,
  `user_id` int(11) NOT NULL,
  `full_name` varchar(100) NOT NULL,
  `subject_id` int(11) DEFAULT NULL
) ENGINE=InnoDB DEFAULT CHARSET=utf8mb4 COLLATE=utf8mb4_general_ci;

--
-- Dumping data for table `teachers`
--

INSERT INTO `teachers` (`id`, `user_id`, `full_name`, `subject_id`) VALUES
(1, 8, 'tadele aschale', NULL),
(2, 11, 'tadeleaschale', NULL),
(3, 12, 'adu tttt', NULL),
(4, 14, 'tadeleaschale', NULL),
(5, 15, 'tadele aschale', NULL),
(6, 16, 'tadele asch', NULL),
(7, 23, 'tadeleaschale', NULL);

-- --------------------------------------------------------

--
-- Table structure for table `users`
--

CREATE TABLE `users` (
  `id` int(11) NOT NULL,
  `username` varchar(50) NOT NULL,
  `password` varchar(255) NOT NULL,
  `role` enum('admin','teacher','student') NOT NULL
) ENGINE=InnoDB DEFAULT CHARSET=utf8mb4 COLLATE=utf8mb4_general_ci;

--
-- Dumping data for table `users`
--

INSERT INTO `users` (`id`, `username`, `password`, `role`) VALUES
(7, 'rr', '$2y$10$cAeAHcDPezUmrA46K8Yku.mF3eU2uFbafXr8Y.6JO5ePMy/RZxZfi', 'student'),
(8, 'tad', '$2y$10$R0g21MPIU6A.D/w9/FggA.HzfHm/t6JjLI7f2RnVIkWW1k.Jqfpz.', 'teacher'),
(9, 'tadd', '$2y$10$0zi9Qsa9pSaW.Os2leaCGucojvRtINnqgvNvawW8XhRC.VPzfeEu2', 'student'),
(11, 'admin2', '$2y$10$qOYh9C3wrEzzr6BfAMv6Wu9oTzoJmAaK94ZEtu8yi3xY4omsGHSpu', 'teacher'),
(12, 'tadaa', '$2y$10$rvVRntWUG/o7TP6XfJrndOB0WD/EdOGvfpBlS0awUWTt67XoDdCgG', 'teacher'),
(13, 'ta', '$2y$10$.h2fiTyDvDCm5O8b7YbXnO13KnGcS/bgKMjX22SlRUmRaHPC6K.Ma', 'admin'),
(14, 'tadel', '$2y$10$SlEm522/nGica4J1EgSGauYzVVGo5lcqAX/oJDw4nHhgUiCTxLuHi', 'teacher'),
(15, 'tade', '$2y$10$Jj63FJArzyjEtWoLvNq66Od7E19CAoJ6aWUmOhcG3P0c.rABqmQY.', 'teacher'),
(16, 'add', '$2y$10$iAwVCIQ2D8p8kKW7VCKG/.c2dNICpnyQP/0jZd.rX0sVBByxirkwa', 'teacher'),
(17, 'uu', '$2y$10$7.WKuAf8KTNecF8EL6CrZOmvM9l/YOs6Y6SunaK9gYeXnk4vvGwt.', 'admin'),
(18, 'tadel5', '$2y$10$hvZA4V5QrFwwr4DQvBPPhOpiMdgZ7qBXUYZ8zUbZgqQsextfUReXy', 'student'),
(19, 'tgg', '$2y$10$9lfcPLPJhsyvIdlybtnL9O2fUBp49nV7KbpdO5Aut23NoY738h7NK', 'admin'),
(20, 'tggg', '$2y$10$Gd2H3N8wG.Lnq2jLj2dZv.f/IfN21xudoYVBFr7GHOLXI1gmUO3jC', 'student'),
(21, 'tu', '$2y$10$4GdraEYEBazQlulLb7dUvuRybDJsIoNzW0691n4hnPWc0GFLiIjuW', 'student'),
(22, 'admin', '$2y$10$CsQq9yg39Woj1jYmm7n5Ees6wPZGjWAXk./DeRCn6ihcAUqjphbvO', 'admin'),
(23, 'tadee', '$2y$10$naS5j4YbSQ2dKaQuPPgDEOjA1Syeqen/vzJQaTwdNSJE8JZsY2ZFK', 'teacher'),
(24, 'll', '$2y$10$9hVfptfDYRvlo/raDwpNiOUyWq0DcyfYJc4I8KZinX4cChQvty6xu', 'admin');

--
-- Indexes for dumped tables
--

--
-- Indexes for table `classes`
--
ALTER TABLE `classes`
  ADD PRIMARY KEY (`id`);

--
-- Indexes for table `grades`
--
ALTER TABLE `grades`
  ADD PRIMARY KEY (`id`),
  ADD KEY `student_id` (`student_id`),
  ADD KEY `subject_id` (`subject_id`);

--
-- Indexes for table `messages`
--
ALTER TABLE `messages`
  ADD PRIMARY KEY (`id`),
  ADD KEY `from_user_id` (`from_user_id`),
  ADD KEY `to_user_id` (`to_user_id`);

--
-- Indexes for table `students`
--
ALTER TABLE `students`
  ADD PRIMARY KEY (`id`),
  ADD KEY `user_id` (`user_id`),
  ADD KEY `class_id` (`class_id`);

--
-- Indexes for table `subjects`
--
ALTER TABLE `subjects`
  ADD PRIMARY KEY (`id`),
  ADD KEY `class_id` (`class_id`);

--
-- Indexes for table `teachers`
--
ALTER TABLE `teachers`
  ADD PRIMARY KEY (`id`),
  ADD KEY `user_id` (`user_id`);

--
-- Indexes for table `users`
--
ALTER TABLE `users`
  ADD PRIMARY KEY (`id`),
  ADD UNIQUE KEY `username` (`username`);

--
-- AUTO_INCREMENT for dumped tables
--

--
-- AUTO_INCREMENT for table `classes`
--
ALTER TABLE `classes`
  MODIFY `id` int(11) NOT NULL AUTO_INCREMENT, AUTO_INCREMENT=51;

--
-- AUTO_INCREMENT for table `grades`
--
ALTER TABLE `grades`
  MODIFY `id` int(11) NOT NULL AUTO_INCREMENT, AUTO_INCREMENT=7;

--
-- AUTO_INCREMENT for table `messages`
--
ALTER TABLE `messages`
  MODIFY `id` int(11) NOT NULL AUTO_INCREMENT;

--
-- AUTO_INCREMENT for table `students`
--
ALTER TABLE `students`
  MODIFY `id` int(11) NOT NULL AUTO_INCREMENT, AUTO_INCREMENT=9;

--
-- AUTO_INCREMENT for table `subjects`
--
ALTER TABLE `subjects`
  MODIFY `id` int(11) NOT NULL AUTO_INCREMENT, AUTO_INCREMENT=1634;

--
-- AUTO_INCREMENT for table `teachers`
--
ALTER TABLE `teachers`
  MODIFY `id` int(11) NOT NULL AUTO_INCREMENT, AUTO_INCREMENT=8;

--
-- AUTO_INCREMENT for table `users`
--
ALTER TABLE `users`
  MODIFY `id` int(11) NOT NULL AUTO_INCREMENT, AUTO_INCREMENT=25;

--
-- Constraints for dumped tables
--

--
-- Constraints for table `grades`
--
ALTER TABLE `grades`
  ADD CONSTRAINT `grades_ibfk_1` FOREIGN KEY (`student_id`) REFERENCES `students` (`id`),
  ADD CONSTRAINT `grades_ibfk_2` FOREIGN KEY (`subject_id`) REFERENCES `subjects` (`id`);

--
-- Constraints for table `messages`
--
ALTER TABLE `messages`
  ADD CONSTRAINT `messages_ibfk_1` FOREIGN KEY (`from_user_id`) REFERENCES `users` (`id`),
  ADD CONSTRAINT `messages_ibfk_2` FOREIGN KEY (`to_user_id`) REFERENCES `users` (`id`);

--
-- Constraints for table `students`
--
ALTER TABLE `students`
  ADD CONSTRAINT `students_ibfk_1` FOREIGN KEY (`user_id`) REFERENCES `users` (`id`),
  ADD CONSTRAINT `students_ibfk_2` FOREIGN KEY (`class_id`) REFERENCES `classes` (`id`);

--
-- Constraints for table `subjects`
--
ALTER TABLE `subjects`
  ADD CONSTRAINT `subjects_ibfk_1` FOREIGN KEY (`class_id`) REFERENCES `classes` (`id`);

--
-- Constraints for table `teachers`
--
ALTER TABLE `teachers`
  ADD CONSTRAINT `teachers_ibfk_1` FOREIGN KEY (`user_id`) REFERENCES `users` (`id`);
COMMIT;

/*!40101 SET CHARACTER_SET_CLIENT=@OLD_CHARACTER_SET_CLIENT */;
/*!40101 SET CHARACTER_SET_RESULTS=@OLD_CHARACTER_SET_RESULTS */;
/*!40101 SET COLLATION_CONNECTION=@OLD_COLLATION_CONNECTION */;
